[
    {
        "name": "Biz 0",
        "town": "Belfast",
        "rating": 1,
        "reviews": []
    },
    {
        "name": "Biz 1",
        "town": "Manchester",
        "rating": 5,
        "reviews": []
    },
    {
        "name": "Biz 2",
        "town": "Belfast",
        "rating": 5,
        "reviews": []
    },
    {
        "name": "Biz 3",
        "town": "Belfast",
        "rating": 5,
        "reviews": []
    },
    {
        "name": "Biz 4",
        "town": "Portsmouth",
        "rating": 4,
        "reviews": []
    },
    {
        "name": "Biz 5",
        "town": "Ilford",
        "rating": 1,
        "reviews": []
    },
    {
        "name": "Biz 6",
        "town": "London",
        "rating": 3,
        "reviews": []
    },
    {
        "name": "Biz 7",
        "town": "Liverpool",
        "rating": 5,
        "reviews": []
    },
    {
        "name": "Biz 8",
        "town": "Liverpool",
        "rating": 3,
        "reviews": []
    },
    {
        "name": "Biz 9",
        "town": "Richmond",
        "rating": 3,
        "reviews": []
    },
    {
        "name": "Biz 10",
        "town": "York",
        "rating": 2,
        "reviews": []
    },
    {
        "name": "Biz 11",
        "town": "Belfast",
        "rating": 4,
        "reviews": []
    },
    {
        "name": "Biz 12",
        "town": "Richmond",
        "rating": 3,
        "reviews": []
    },
    {
        "name": "Biz 13",
        "town": "London",
        "rating": 1,
        "reviews": []
    },
    {
        "name": "Biz 14",
        "town": "Bristol",
        "rating": 2,
        "reviews": []
    },
    {
        "name": "Biz 15",
        "town": "York",
        "rating": 4,
        "reviews": []
    },
    {
        "name": "Biz 16",
        "town": "Liverpool",
        "rating": 1,
        "reviews": []
    },
    {
        "name": "Biz 17",
        "town": "Richmond",
        "rating": 1,
        "reviews": []
    },
    {
        "name": "Biz 18",
        "town": "Ilford",
        "rating": 5,
        "reviews": []
    },
    {
        "name": "Biz 19",
        "town": "Portsmouth",
        "rating": 3,
        "reviews": []
    },
    {
        "name": "Biz 20",
        "town": "Portsmouth",
        "rating": 5,
        "reviews": []
    },
    {
        "name": "Biz 21",
        "town": "Belfast",
        "rating": 2,
        "reviews": []
    },
    {
        "name": "Biz 22",
        "town": "Birmingham",
        "rating": 4,
        "reviews": []
    },
    {
        "name": "Biz 23",
        "town": "Birmingham",
        "rating": 1,
        "reviews": []
    },
    {
        "name": "Biz 24",
        "town": "Birmingham",
        "rating": 1,
        "reviews": []
    },
    {
        "name": "Biz 25",
        "town": "Liverpool",
        "rating": 3,
        "reviews": []
    },
    {
        "name": "Biz 26",
        "town": "London",
        "rating": 3,
        "reviews": []
    },
    {
        "name": "Biz 27",
        "town": "Belfast",
        "rating": 2,
        "reviews": []
    },
    {
        "name": "Biz 28",
        "town": "Liverpool",
        "rating": 4,
        "reviews": []
    },
    {
        "name": "Biz 29",
        "town": "Belfast",
        "rating": 2,
        "reviews": []
    },
    {
        "name": "Biz 30",
        "town": "Liverpool",
        "rating": 1,
        "reviews": []
    },
    {
        "name": "Biz 31",
        "town": "Liverpool",
        "rating": 1,
        "reviews": []
    },
    {
        "name": "Biz 32",
        "town": "Bristol",
        "rating": 2,
        "reviews": []
    },
    {
        "name": "Biz 33",
        "town": "London",
        "rating": 4,
        "reviews": []
    },
    {
        "name": "Biz 34",
        "town": "Manchester",
        "rating": 5,
        "reviews": []
    },
    {
        "name": "Biz 35",
        "town": "Birmingham",
        "rating": 1,
        "reviews": []
    },
    {
        "name": "Biz 36",
        "town": "Belfast",
        "rating": 1,
        "reviews": []
    },
    {
        "name": "Biz 37",
        "town": "York",
        "rating": 2,
        "reviews": []
    },
    {
        "name": "Biz 38",
        "town": "York",
        "rating": 1,
        "reviews": []
    },
    {
        "name": "Biz 39",
        "town": "Belfast",
        "rating": 2,
        "reviews": []
    },
    {
        "name": "Biz 40",
        "town": "York",
        "rating": 4,
        "reviews": []
    },
    {
        "name": "Biz 41",
        "town": "Liverpool",
        "rating": 1,
        "reviews": []
    },
    {
        "name": "Biz 42",
        "town": "York",
        "rating": 1,
        "reviews": []
    },
    {
        "name": "Biz 43",
        "town": "Ilford",
        "rating": 2,
        "reviews": []
    },
    {
        "name": "Biz 44",
        "town": "Manchester",
        "rating": 3,
        "reviews": []
    },
    {
        "name": "Biz 45",
        "town": "London",
        "rating": 1,
        "reviews": []
    },
    {
        "name": "Biz 46",
        "town": "London",
        "rating": 4,
        "reviews": []
    },
    {
        "name": "Biz 47",
        "town": "Bristol",
        "rating": 2,
        "reviews": []
    },
    {
        "name": "Biz 48",
        "town": "Liverpool",
        "rating": 2,
        "reviews": []
    },
    {
        "name": "Biz 49",
        "town": "Belfast",
        "rating": 5,
        "reviews": []
    },
    {
        "name": "Biz 50",
        "town": "Birmingham",
        "rating": 4,
        "reviews": []
    },
    {
        "name": "Biz 51",
        "town": "London",
        "rating": 5,
        "reviews": []
    },
    {
        "name": "Biz 52",
        "town": "Liverpool",
        "rating": 4,
        "reviews": []
    },
    {
        "name": "Biz 53",
        "town": "Portsmouth",
        "rating": 2,
        "reviews": []
    },
    {
        "name": "Biz 54",
        "town": "Richmond",
        "rating": 1,
        "reviews": []
    },
    {
        "name": "Biz 55",
        "town": "Manchester",
        "rating": 4,
        "reviews": []
    },
    {
        "name": "Biz 56",
        "town": "Richmond",
        "rating": 4,
        "reviews": []
    },
    {
        "name": "Biz 57",
        "town": "Liverpool",
        "rating": 3,
        "reviews": []
    },
    {
        "name": "Biz 58",
        "town": "Belfast",
        "rating": 2,
        "reviews": []
    },
    {
        "name": "Biz 59",
        "town": "London",
        "rating": 5,
        "reviews": []
    },
    {
        "name": "Biz 60",
        "town": "Richmond",
        "rating": 4,
        "reviews": []
    },
    {
        "name": "Biz 61",
        "town": "Bristol",
        "rating": 4,
        "reviews": []
    },
    {
        "name": "Biz 62",
        "town": "Belfast",
        "rating": 3,
        "reviews": []
    },
    {
        "name": "Biz 63",
        "town": "Richmond",
        "rating": 1,
        "reviews": []
    },
    {
        "name": "Biz 64",
        "town": "Birmingham",
        "rating": 1,
        "reviews": []
    },
    {
        "name": "Biz 65",
        "town": "York",
        "rating": 1,
        "reviews": []
    },
    {
        "name": "Biz 66",
        "town": "Liverpool",
        "rating": 2,
        "reviews": []
    },
    {
        "name": "Biz 67",
        "town": "Ilford",
        "rating": 2,
        "reviews": []
    },
    {
        "name": "Biz 68",
        "town": "Ilford",
        "rating": 3,
        "reviews": []
    },
    {
        "name": "Biz 69",
        "town": "Bristol",
        "rating": 3,
        "reviews": []
    },
    {
        "name": "Biz 70",
        "town": "Richmond",
        "rating": 5,
        "reviews": []
    },
    {
        "name": "Biz 71",
        "town": "Liverpool",
        "rating": 4,
        "reviews": []
    },
    {
        "name": "Biz 72",
        "town": "Ilford",
        "rating": 3,
        "reviews": []
    },
    {
        "name": "Biz 73",
        "town": "Portsmouth",
        "rating": 4,
        "reviews": []
    },
    {
        "name": "Biz 74",
        "town": "York",
        "rating": 1,
        "reviews": []
    },
    {
        "name": "Biz 75",
        "town": "York",
        "rating": 1,
        "reviews": []
    },
    {
        "name": "Biz 76",
        "town": "Belfast",
        "rating": 4,
        "reviews": []
    },
    {
        "name": "Biz 77",
        "town": "York",
        "rating": 1,
        "reviews": []
    },
    {
        "name": "Biz 78",
        "town": "Ilford",
        "rating": 4,
        "reviews": []
    },
    {
        "name": "Biz 79",
        "town": "London",
        "rating": 5,
        "reviews": []
    },
    {
        "name": "Biz 80",
        "town": "Portsmouth",
        "rating": 5,
        "reviews": []
    },
    {
        "name": "Biz 81",
        "town": "Bristol",
        "rating": 2,
        "reviews": []
    },
    {
        "name": "Biz 82",
        "town": "Portsmouth",
        "rating": 2,
        "reviews": []
    },
    {
        "name": "Biz 83",
        "town": "Belfast",
        "rating": 1,
        "reviews": []
    },
    {
        "name": "Biz 84",
        "town": "Birmingham",
        "rating": 4,
        "reviews": []
    },
    {
        "name": "Biz 85",
        "town": "Birmingham",
        "rating": 1,
        "reviews": []
    },
    {
        "name": "Biz 86",
        "town": "Richmond",
        "rating": 5,
        "reviews": []
    },
    {
        "name": "Biz 87",
        "town": "Birmingham",
        "rating": 5,
        "reviews": []
    },
    {
        "name": "Biz 88",
        "town": "Ilford",
        "rating": 3,
        "reviews": []
    },
    {
        "name": "Biz 89",
        "town": "London",
        "rating": 2,
        "reviews": []
    },
    {
        "name": "Biz 90",
        "town": "Richmond",
        "rating": 4,
        "reviews": []
    },
    {
        "name": "Biz 91",
        "town": "York",
        "rating": 1,
        "reviews": []
    },
    {
        "name": "Biz 92",
        "town": "Bristol",
        "rating": 4,
        "reviews": []
    },
    {
        "name": "Biz 93",
        "town": "London",
        "rating": 2,
        "reviews": []
    },
    {
        "name": "Biz 94",
        "town": "Belfast",
        "rating": 4,
        "reviews": []
    },
    {
        "name": "Biz 95",
        "town": "York",
        "rating": 5,
        "reviews": []
    },
    {
        "name": "Biz 96",
        "town": "Bristol",
        "rating": 5,
        "reviews": []
    },
    {
        "name": "Biz 97",
        "town": "Birmingham",
        "rating": 3,
        "reviews": []
    },
    {
        "name": "Biz 98",
        "town": "Belfast",
        "rating": 3,
        "reviews": []
    },
    {
        "name": "Biz 99",
        "town": "Bristol",
        "rating": 2,
        "reviews": []
    }
]